id,RAdeg,DEdeg
0,217.86348343319492,66.54466608500267
