id,RAdeg,DEdeg
10,180.47387539166988,73.11985462464386
11,257.17566996781466,78.94523467290901
12,213.66065689935672,74.46853559470799
13,238.02333548950023,65.79989142794521
14,178.89493350399283,71.32267356187627
15,236.0930546306675,61.85204371637111
16,223.91895234943559,58.911764884278384
17,237.47966448281684,62.7676260787585
18,216.68888793884625,57.29644171280164
19,208.0876622047987,56.72741681159246
