id,RAdeg,DEdeg
0,217.8634834331949,66.54466608500267
1,201.67039583964817,59.7173756774325
2,252.31547967554943,78.27012069165544
3,199.21109715964693,69.73338382896277
4,197.64289492883947,64.56279218712613
5,213.96349693655458,55.5978380961927
6,214.04286262079654,59.71425450871907
7,238.3553512092908,67.10560604549305
8,207.7409643738637,74.736210085315
9,264.3964810050014,85.90776125856233
